label,raw_mean,ppTime_mean,ppTime_std,ppTime_rms,nn50_num,pnn50,up_time_mean,up_time_std,amp_diff_mean,amp_diff_std,peak_amp_mean,peak_amp_std
0,499103.74,95.2,3.1559467676119,95.25229656024048,3,0.3,22.09090909090909,0.6680426571226848,27391.882990937273,1869.4878986347044,16057.738316810106,1720.8950101333828
0,494508.874,96.77777777777777,2.819683897877671,96.81884573206236,2,0.2222222222222222,22.8,0.6,27729.037390364865,1943.0216637940518,16844.840702625643,1529.4756387589891
0,500260.595,95.1,3.207802986469088,95.1540855665168,1,0.1,21.818181818181817,1.2662171161076472,26667.11717367148,3165.4484143213135,15932.441178440764,1622.268663655015
0,378206.249,82.0,4.06201920231798,82.10054811022884,1,0.08333333333333333,25.083333333333332,8.371164129850095,7224.8801622958745,1696.615964688725,4334.461536715267,1366.7308568998103
0,369212.06,83.81818181818181,3.432946834272583,83.88845407606894,0,0.0,28.363636363636363,9.027963902863423,9081.810988945332,1781.326368327161,5640.515617903958,1013.1362697185177
0,366609.776,83.0909090909091,5.053433494431744,83.24443743359892,1,0.09090909090909091,30.272727272727273,9.342871945946124,9869.841147620858,2672.3552174561596,5743.644135709893,1882.86917478146
1,357892.101,74.23076923076923,1.186711432349347,74.24025447569119,0,0.0,19.23076923076923,0.42132504423474315,7458.750133599477,304.33531623973767,4371.460445774545,359.1080767393429
1,362118.532,70.92307692307692,3.4072668600538614,71.00487523890389,0,0.0,18.642857142857142,0.4791574237499549,6378.912746880044,190.5649396132805,3755.0747755665775,157.10263900241466
1,368335.857,65.35714285714286,2.793030685145307,65.41679557160488,0,0.0,18.133333333333333,0.7180219742846006,5272.3767752986805,458.38971186404973,3049.5669639186367,252.78656431485808
0,401552.806,83.63636363636364,6.852640198197364,83.916625289629,3,0.2727272727272727,21.916666666666668,1.2555432644432805,16475.47771423723,2845.7531562649274,9613.561677171485,1617.3973296870124
0,708013.579,101.88888888888889,3.871389197818744,101.96241137464989,2,0.2222222222222222,23.3,1.4177446878757824,11064.601614934963,1041.006989494543,6639.212883708287,461.1123368392523
0,404358.792,84.36363636363636,5.261744046722829,84.52756408952698,3,0.2727272727272727,23.0,1.348399724926484,15013.443341644279,2319.8142360101792,8803.650607528607,1633.3934976153996
0,414626.892,82.18181818181819,3.5883189738164636,82.26011957642217,1,0.09090909090909091,21.833333333333332,0.9860132971832694,13015.868216777251,1316.1303036662948,7452.380288170109,840.4753432713225
1,410526.496,76.5,0.8660254037844386,76.50490180374065,0,0.0,20.46153846153846,0.634323942402717,9727.345782895774,1551.2465899443941,5670.894120387126,948.2816422060247
1,423699.959,72.76923076923077,2.390810810449239,72.80849485518104,0,0.0,19.142857142857142,0.6388765649999398,6611.993942384191,785.0556706834147,3702.8906582769446,406.6506727254645
1,435992.816,67.92857142857143,3.0346636837497143,67.99632343002084,0,0.0,18.133333333333333,1.0873004286866728,4750.5097389872735,808.4025937726344,2641.2504298198296,414.97302547599577
0,403086.45,82.81818181818181,5.077905470461433,82.9737088699569,2,0.18181818181818182,22.5,1.118033988749895,16748.75888994186,2941.5027877523003,9699.751893413353,1712.6541615418055
0,413349.643,83.45454545454545,4.658591991025075,83.58447006689482,1,0.09090909090909091,21.916666666666668,0.9537935951882998,14040.405559430523,1497.3741803410178,8042.344210810702,969.9972233426516
0,418077.882,80.45454545454545,5.852173432520393,80.6671049324433,1,0.09090909090909091,21.583333333333332,1.114924013354971,13487.39829871621,1443.5532251199745,7745.692388268307,767.328358094492
0,604790.611,93.3,4.243819034784589,93.3964667425915,2,0.2,23.272727272727273,1.656442468935327,38466.18782811303,4256.3387046197195,23317.63526629811,2159.5473472866142
0,627296.374,91.6,5.083306010855534,91.74093960713505,1,0.1,23.1,0.7000000000000001,40959.76194080085,4698.82696748685,23683.075807593963,3304.6553080773892
0,703314.563,101.22222222222223,3.8232556742411674,101.29440041559828,1,0.1111111111111111,24.0,0.9428090415820634,10947.45742741532,464.02267741185113,6041.934746036159,1931.5679348988645
0,639130.107,92.2,5.455272678794342,92.36124728477849,1,0.1,23.0,0.7745966692414834,43950.95921542781,3242.2857730520977,23888.209951159326,7501.309206262391
1,606876.029,86.1,2.467792535850613,86.13535859332102,0,0.0,24.0,1.5954480704349312,31560.465320002913,592.4784743949779,19131.223740512854,1046.9914781350706
1,567033.126,84.0909090909091,2.0205555246266247,84.11518077234119,0,0.0,24.166666666666668,0.5527707983925666,26080.74554179005,3066.6029423170967,15733.305178121533,1596.6745107312506
1,575103.294,82.54545454545455,5.4165342217331744,82.72297691144165,0,0.0,23.833333333333332,1.4043582955293932,16024.10994033221,1106.380223429236,9861.933859154427,725.8400763531831
0,621557.829,93.6,3.9293765408777,93.682442325123,4,0.4,22.818181818181817,0.9359663764533637,41513.523226021294,3443.440501832149,24724.7031844997,2394.4353109452263
0,630378.411,92.4,5.642694391866354,92.57213403611262,3,0.3,22.636363636363637,0.77138921583987,39568.29441388486,4931.044886775608,23413.16170512355,3142.0936297039484
0,628532.576,92.0,4.242640687119285,92.09777413162601,3,0.3,24.0,2.0,41339.306187234026,5711.315116065269,25117.97671393999,2584.5733809489097
0,632650.533,97.1,5.7,97.26715786944739,0,0.0,26.0,1.4142135623730951,43621.3553027978,4723.94879683125,24494.35345725574,8197.693567221344
0,649297.504,96.88888888888889,3.3811386788228748,96.94786686095208,2,0.2222222222222222,24.4,1.6852299546352716,34561.69702364186,3524.288176510694,21426.590150592026,1966.1636541872956
0,666886.122,92.6,5.238320341483518,92.74804580151542,4,0.4,24.6,1.3564659966250538,33291.09195754495,3856.1326833363805,20011.219083105818,2978.273534973422
0,699827.106,96.1,4.635730794599704,96.21174564469767,2,0.2,23.90909090909091,1.8807418968706546,10044.141144958476,925.0348494748757,5870.457664931403,1558.8773859192086
1,662486.706,86.3,3.348133808556642,86.3649234353855,0,0.0,20.363636363636363,0.77138921583987,23353.824980897472,2833.1348602948547,13871.246695012338,1636.277054031521
1,655270.385,86.0,2.3741027013091993,86.03276331512527,0,0.0,20.666666666666668,0.6236095644623235,20518.88868953464,3016.0790788772347,12502.46145871043,1750.2787589215907
1,675914.968,80.18181818181819,1.849726359034164,80.20315115097071,0,0.0,19.916666666666668,0.6400954789890507,14032.403517691864,1174.880795979732,8520.023141372441,734.0422309845643
1,526674.309,95.0,3.2998316455372216,95.05729266547038,0,0.0,21.8,0.9797958971132712,19307.753277183907,1746.1211880571354,11606.041776966054,1268.1713571961122
1,515010.048,95.1,3.269556544854363,95.15618739735216,0,0.0,22.4,1.019803902718557,17089.271192911405,992.587109060297,10374.59841778961,1026.9791433783196
1,519241.772,96.88888888888889,1.5234788000891208,96.90086572254026,0,0.0,24.2,1.16619037896906,16340.78994460819,558.9888955213768,9910.192496468375,198.44106793276683
0,632322.765,96.4,4.737087712930805,96.51631986353395,2,0.2,25.9,1.3000000000000003,42143.17660423616,5559.694262454962,24148.264744370932,5746.918713648104
0,670924.814,94.11111111111111,4.067334492827361,94.19896201362542,2,0.2222222222222222,24.2,1.4,34349.87391899567,3045.2262080185656,21164.923505406907,2782.852769074774
0,665935.073,92.4,4.715930449020639,92.52026804976302,3,0.3,23.90909090909091,1.378704626191191,33360.51002774704,4295.556700673312,20012.052012261334,3078.3074130014697
1,654304.81,87.72727272727273,3.1934851036818723,87.7853787784317,0,0.0,20.5,1.118033988749895,21919.240066833445,2047.3877346734282,12843.512853182145,2921.736788348758
1,685301.278,95.55555555555556,1.4989708403591155,95.56731193829359,0,0.0,21.3,0.7810249675906655,7319.394865816508,172.56244252577727,4557.58823023894,308.05456171612593
1,664901.032,82.63636363636364,1.9198829165402616,82.65866285789134,0,0.0,20.166666666666668,0.8975274678557508,16337.961040018658,2183.2121757096434,9875.195989549036,1324.5644334286665
1,684700.62,80.63636363636364,1.7200807207658635,80.65470735289924,0,0.0,19.833333333333332,0.6871842709362768,13028.142479461203,486.1244058422484,7928.336220667447,340.24898064929545
0,465804.411,97.44444444444444,5.775640630385345,97.61545870290104,2,0.2222222222222222,25.3,2.8301943396169813,12080.182515233935,1234.1776086954976,7462.208357886011,790.4566420342876
0,476211.319,100.0,5.291502622129181,100.13990213696037,0,0.0,24.3,1.4177446878757824,12429.76377401378,932.7167874740766,7629.929099356499,657.2509866319808
0,479358.482,95.88888888888889,3.0711722135745005,95.93805872077624,3,0.3333333333333333,24.2,1.32664991614216,11270.666169008593,880.3887154686806,6909.898865145269,888.7070697490719
1,482879.679,87.9090909090909,4.273694281288421,88.01291227582875,0,0.0,21.09090909090909,0.899954085146515,9574.842980432275,1161.9574448321137,5731.631549923485,908.3183357597801
1,484870.09,81.9090909090909,1.5640591394622958,81.92402245096035,0,0.0,20.25,1.0103629710818451,8310.814311350458,431.3564264806682,5104.165772347363,391.862008803059
1,484076.74,81.27272727272727,1.5427784316797402,81.28736902887412,0,0.0,21.583333333333332,1.0374916331657278,6977.679878610371,1063.0367055402533,4345.211137567033,634.2815364247928
0,469415.009,98.88888888888889,6.154392188500546,99.08021441684959,2,0.2222222222222222,24.2,2.4819347291981715,11699.671459978836,1721.3327460609237,7508.610180058886,610.2807155788304
0,477598.807,96.0,4.136557881996952,96.08907904185112,1,0.1111111111111111,24.4,1.3564659966250538,11882.957625387538,1229.974228990354,7298.423146663507,737.156905562825
1,685376.073,99.22222222222223,1.314684396244359,99.23093155754297,0,0.0,25.8,8.364209466530594,7140.418893536019,271.4654893325781,4606.967785408308,193.89338624682168
0,481154.445,94.5,5.06458290484024,94.63561697373774,2,0.2,23.636363636363637,2.1436047495548354,11494.743977127528,1420.632559292627,7077.261145913735,878.6288025945962
1,486528.229,83.81818181818181,1.465865045145191,83.83099882284813,0,0.0,20.0,0.6030226891555273,8078.909159901828,522.6081209715777,4883.639633347088,596.0525228842388
1,478846.253,81.54545454545455,1.233150906022776,81.55477802178005,0,0.0,21.083333333333332,0.8620067027323834,8266.25530974216,802.8358196918324,5128.846298437818,465.2501124563306
1,495099.009,81.27272727272727,1.8136306675690914,81.29296067031545,0,0.0,20.916666666666668,1.0374916331657278,5840.602619574373,406.55160703837817,3623.4227955755764,295.75751744811674
1,478846.253,81.54545454545455,1.233150906022776,81.55477802178005,0,0.0,21.083333333333332,0.8620067027323834,8266.25530974216,802.8358196918324,5128.846298437818,465.2501124563306
1,495099.009,81.27272727272727,1.8136306675690914,81.29296067031545,0,0.0,20.916666666666668,1.0374916331657278,5840.602619574373,406.55160703837817,3623.4227955755764,295.75751744811674
1,500377.612,78.33333333333333,1.699673171197595,78.3517708797957,0,0.0,20.692307692307693,1.2015768732164085,5097.091455245545,447.03007813970936,3132.034836166225,299.4817446511925
0,471944.814,100.66666666666667,4.618802153517006,100.77257122407421,2,0.2222222222222222,27.77777777777778,7.223076872508892,12369.171261898822,1549.8876294080417,7752.15236025152,1283.3174288039427
0,471093.547,101.875,3.6890886408434267,101.94177259592851,2,0.25,26.88888888888889,2.282515398241571,12584.37311363274,961.2449627284933,7886.572549749769,839.587555097196
0,475086.063,96.2,5.173006862551025,96.33898483999093,2,0.2,25.90909090909091,2.906248611481051,11747.209073581687,1351.2175504957083,7246.574757010527,657.2669644749765
1,692546.794,94.5,2.1095023109728985,94.52354204112328,0,0.0,20.545454545454547,0.8907235428302466,5838.505589005786,577.895814577841,3589.392922386884,427.05639745030015
1,481657.789,95.11111111111111,1.0999438818457405,95.1174712307541,0,0.0,22.6,0.4898979485566356,9962.41568352217,477.6505618147248,6349.996178614705,359.1395320854499
1,490564.352,89.45454545454545,1.3726971700492272,89.46507698538016,0,0.0,23.545454545454547,0.9875254992000196,8846.755377718117,353.0224548377801,5141.883000831577,1360.4124650267688
1,505426.233,83.5,1.857417562100671,83.52065612769096,0,0.0,22.181818181818183,0.7158188976374374,7149.183031097302,694.99424095394,4404.666823677931,452.03385899690323
0,468037.686,103.0,4.769696007084728,103.11037775122347,2,0.25,28.22222222222222,2.8974232912011773,13230.773902864496,1146.3078121450105,8357.435826109422,676.0355954804251
0,476153.132,97.2,5.344155686354955,97.34680272099335,1,0.1,25.181818181818183,3.1281182789245916,11700.198018310617,2054.1256406571533,7165.828016818951,1390.6816500977777
0,481229.605,97.33333333333333,3.0912061651652345,97.38240771994361,0,0.0,25.8,1.8330302779823358,11351.974231275652,781.6897072085609,6858.124697459936,512.7461376339633
0,360953.737,102.44444444444444,3.095197394929804,102.49119203348376,1,0.1111111111111111,22.0,0.4714045207910317,5914.692423550501,295.2542331516841,3225.9467190599726,1040.2090716049574
0,360567.739,102.875,2.521780125229002,102.905903620735,0,0.0,22.444444444444443,0.8314794192830981,5878.622134849484,294.17682835251105,3677.1997442616475,154.87017131352692
0,364827.982,102.11111111111111,1.286204100310025,102.11921138225331,0,0.0,22.2,0.4,5708.361617921624,215.34668569019405,3435.426469890745,246.72331314690692
1,486445.272,91.8,2.785677655436824,91.84225606985055,0,0.0,23.09090909090909,0.9958591954639383,9386.027886802305,463.7448156017493,5938.2228751275625,191.2713114315167
0,705664.787,101.66666666666667,4.570436400267363,101.76934705499491,3,0.3333333333333333,24.444444444444443,1.5713484026367723,10934.037952363624,526.0082653039879,6055.161018874091,1793.992801925395
1,499543.219,87.5,2.3769728648009427,87.53227976009764,0,0.0,22.181818181818183,1.02851895445316,8185.224998016663,491.7082444806154,5057.310183158406,302.57362896722174
1,512176.734,78.66666666666667,3.39934634239519,78.74007874011811,0,0.0,21.307692307692307,1.4876215081395168,5817.141555471647,655.5584814144675,3330.568636370433,772.3247421525396
0,471093.547,101.875,3.6890886408434267,101.94177259592851,2,0.25,26.88888888888889,2.282515398241571,12584.37311363274,961.2449627284933,7886.572549749769,839.587555097196
0,475086.063,96.2,5.173006862551025,96.33898483999093,2,0.2,25.90909090909091,2.906248611481051,11747.209073581687,1351.2175504957083,7246.574757010527,657.2669644749765
0,493430.893,92.0,4.516635916254486,92.11080284092631,1,0.1,24.0,1.8439088914585775,10804.1381799599,852.8884027867389,6638.81905103441,1388.3701652154398
1,490564.352,89.45454545454545,1.3726971700492272,89.46507698538016,0,0.0,23.545454545454547,0.9875254992000196,8846.755377718117,353.0224548377801,5141.883000831577,1360.4124650267688
1,505426.233,83.5,1.857417562100671,83.52065612769096,0,0.0,22.181818181818183,0.7158188976374374,7149.183031097302,694.99424095394,4404.666823677931,452.03385899690323
1,518414.066,75.66666666666667,1.1055415967851332,75.67474259399015,0,0.0,21.0,0.7071067811865476,5218.5237639481475,205.38714728409664,3048.9970061180265,334.47392052306276
0,476153.132,97.2,5.344155686354955,97.34680272099335,1,0.1,25.181818181818183,3.1281182789245916,11700.198018310617,2054.1256406571533,7165.828016818951,1390.6816500977777
0,481229.605,97.33333333333333,3.0912061651652345,97.38240771994361,0,0.0,25.8,1.8330302779823358,11351.974231275652,781.6897072085609,6858.124697459936,512.7461376339633
0,701371.838,99.11111111111111,4.817662975261955,99.22813221169802,1,0.1111111111111111,24.22222222222222,1.227262335243029,11017.898980700447,530.5797948264084,6469.141216955535,988.0960354942918
0,500081.377,89.4,3.8,89.48072418124475,1,0.1,23.181818181818183,1.2662171161076472,11506.081682631944,1233.9181028788707,6886.189804831313,932.3723173682537
0,475086.063,96.2,5.173006862551025,96.33898483999093,2,0.2,25.90909090909091,2.906248611481051,11747.209073581687,1351.2175504957083,7246.574757010527,657.2669644749765
0,493430.893,92.0,4.516635916254486,92.11080284092631,1,0.1,24.0,1.8439088914585775,10804.1381799599,852.8884027867389,6638.81905103441,1388.3701652154398
0,493887.054,87.7,3.318132004607412,87.76274836170526,2,0.2,23.636363636363637,1.2264306875665492,13234.045216988336,1204.1494969492016,7914.811433204328,920.8174211958736
0,420997.181,96.33333333333333,4.2946995755750415,96.42901822353868,2,0.2222222222222222,25.5,1.91049731745428,17751.840201836843,1873.297996144462,11038.910832630918,1356.4716885871305
0,430553.82,91.5,4.780167361086848,91.62477830805376,2,0.2,24.636363636363637,1.4937887931959075,14461.638332401695,2360.123535447057,8755.212769328455,1455.6979372125445
0,464996.585,91.0,4.242640687119285,91.09884741312592,2,0.2,22.636363636363637,0.9791208740244552,14182.254553054127,1601.715856477813,8266.557551091058,1240.9239103718091
1,448397.075,95.9,2.8792360097775935,95.94321237065184,1,0.1,26.9,6.34744042902334,17506.518184834167,2281.3511532422895,10571.289774324589,1504.6128183260055
1,459369.529,90.0,1.3416407864998738,90.00999944450616,0,0.0,21.90909090909091,1.443137078762504,11401.91049950794,1278.7472917495686,7018.567727757942,593.4424867894514
1,469745.666,88.0,0.6324555320336759,88.00227269792525,0,0.0,22.272727272727273,0.616575453011388,10748.923268467772,612.6364635822163,6617.2789509332615,376.82865697338445
0,705058.484,93.55555555555556,4.991350543381378,93.68860952941694,3,0.3333333333333333,26.3,6.753517601961218,10834.903907383825,1280.853265529466,6591.47139401063,1033.3212540649552
0,423989.446,93.0,5.497474167490214,93.1623433701741,2,0.2222222222222222,25.1,1.5779733838059502,16748.65785936948,1597.815964109314,10269.865162733782,1287.7060452822523
0,448184.743,89.63636363636364,4.0737011822560145,89.7288845761092,2,0.18181818181818182,23.272727272727273,1.1354541815269814,12714.607073391155,1096.4433129081578,6883.761493756101,2140.2077321474253
0,462850.172,93.0,5.395471352079548,93.1563798733673,2,0.2222222222222222,24.2,1.661324772583615,16632.61026417726,1959.0018053908243,10081.250034094368,1507.8576385383676
1,452212.728,92.1,1.1357816691600546,92.1070029910864,0,0.0,22.90909090909091,0.668042657122685,13717.9983090478,1700.944244520766,8480.721213311475,898.595449250904
1,466865.379,88.3,1.004987562112089,88.30571895409719,0,0.0,21.90909090909091,0.5142594772265799,11165.819497526567,428.0219097602052,6843.940351672995,295.1307712239999
1,476581.367,85.5,2.8372521918222215,85.54706307056952,0,0.0,22.0,0.7385489458759964,10335.688480988396,175.5781621273604,6403.391860076766,355.93100087701856
0,430553.82,91.5,4.780167361086848,91.62477830805376,2,0.2,24.636363636363637,1.4937887931959075,14461.638332401695,2360.123535447057,8755.212769328455,1455.6979372125445
0,464996.585,91.0,4.242640687119285,91.09884741312592,2,0.2,22.636363636363637,0.9791208740244552,14182.254553054127,1601.715856477813,8266.557551091058,1240.9239103718091
0,455098.882,94.4,6.151422599691879,94.60021141625425,2,0.2,25.6,1.42828568570857,18201.012858109054,1807.6013139658828,10027.540231388104,3423.8955904278873
1,364860.23,95.77777777777777,1.9309052441091963,95.7972395798079,0,0.0,20.5,0.5,4291.620662763365,252.3290933560341,2624.260373410742,105.04483071350921
1,685845.033,98.11111111111111,1.6629588385661962,98.12520346758805,0,0.0,27.8,9.96794863550169,7326.310754779694,187.38930685713237,4703.187048161399,234.61754730221045
0,497962.368,99.44444444444444,3.2010800646417628,99.49595189978558,2,0.2222222222222222,22.6,0.9165151389911679,5256.456772283024,388.12934888540923,3130.9343983770314,281.08867793006056
1,368386.981,92.44444444444444,1.1653431646335017,92.45178923813933,0,0.0,20.1,0.5385164807134504,3550.634692520323,134.99103649854507,2224.269000348643,162.693124078426
1,368148.655,91.6,2.009975124224178,91.62204974786364,0,0.0,28.09090909090909,10.352466069444915,3457.720388089285,144.24279199263307,2195.326633525368,88.37253155656646
1,459369.529,90.0,1.3416407864998738,90.00999944450616,0,0.0,21.90909090909091,1.443137078762504,11401.91049950794,1278.7472917495686,7018.567727757942,593.4424867894514
1,469745.666,88.0,0.6324555320336759,88.00227269792525,0,0.0,22.272727272727273,0.616575453011388,10748.923268467772,612.6364635822163,6617.2789509332615,376.82865697338445
1,474000.628,81.18181818181819,2.979267201486171,81.23646740450766,0,0.0,22.083333333333332,0.8620067027323834,10170.127546685084,558.8845018074026,6149.388094661583,279.4614930641627
0,448184.743,89.63636363636364,4.0737011822560145,89.7288845761092,2,0.18181818181818182,23.272727272727273,1.1354541815269814,12714.607073391155,1096.4433129081578,6883.761493756101,2140.2077321474253
0,462850.172,93.0,5.395471352079548,93.1563798733673,2,0.2222222222222222,24.2,1.661324772583615,16632.61026417726,1959.0018053908243,10081.250034094368,1507.8576385383676
0,449354.136,94.4,4.82078831727758,94.52301307089189,3,0.3,25.272727272727273,2.339032787321565,18717.479127955914,2010.2817418640548,11413.174482458544,1217.7575572517305
1,466865.379,88.3,1.004987562112089,88.30571895409719,0,0.0,21.90909090909091,0.5142594772265799,11165.819497526567,428.0219097602052,6843.940351672995,295.1307712239999
1,476581.367,85.5,2.8372521918222215,85.54706307056952,0,0.0,22.0,0.7385489458759964,10335.688480988396,175.5781621273604,6403.391860076766,355.93100087701856
1,686467.382,97.7,2.934280150224242,97.7440535275676,0,0.0,29.8,10.17644338656684,6737.385596017275,264.55686546430144,4272.136884918943,431.7210308103441
1,478316.32,80.58333333333333,3.0945741046045234,80.64273060853036,0,0.0,21.916666666666668,1.4409680388158819,8710.37403423515,1550.2194678175902,5044.330685250332,995.676091970834
1,509675.437,85.45454545454545,13.871905134699983,86.57314301161239,1,0.09090909090909091,24.583333333333332,13.10507747232177,28450.80286168441,2492.320253963912,15033.33564462832,2811.1961138550832
1,503517.829,84.18181818181819,2.1242402628268953,84.20861540894084,0,0.0,21.083333333333332,0.6400954789890507,28645.93682908358,2074.6235485796856,16008.659343556154,1323.9747756746526
1,483423.66,79.08333333333333,1.1873172373979173,79.09224572189952,0,0.0,20.833333333333332,0.5527707983925666,23481.350009729693,1471.9522141824618,12798.63025696473,1888.3881617090065
1,494919.314,85.9090909090909,2.0205555246266247,85.93284904769855,1,0.09090909090909091,21.0,0.5773502691896257,29217.985923343644,1583.5337506376125,16162.5609041247,1224.110938083869
1,495063.736,80.9090909090909,2.065057580291009,80.93544004047581,0,0.0,20.916666666666668,0.2763853991962833,26155.160729941857,1859.976991308887,14528.109361477073,1177.452718635673
1,486189.722,76.0,3.582364210034113,76.08438297925096,0,0.0,20.53846153846154,0.634323942402717,20242.71006382548,2336.0321819088786,11159.353650180683,994.7330111935339
1,503517.829,84.18181818181819,2.1242402628268953,84.20861540894084,0,0.0,21.083333333333332,0.6400954789890507,28645.93682908358,2074.6235485796856,16008.659343556154,1323.9747756746526
1,483423.66,79.08333333333333,1.1873172373979173,79.09224572189952,0,0.0,20.833333333333332,0.5527707983925666,23481.350009729693,1471.9522141824618,12798.63025696473,1888.3881617090065
1,487126.895,78.9090909090909,9.71834764719474,79.50528856051595,2,0.18181818181818182,22.75,2.6496855159307744,19174.915721609927,2298.3873489208527,10894.509781807405,1210.961413357345
1,707771.444,93.11111111111111,2.4241582476968255,93.14266238172256,0,0.0,19.7,0.7810249675906655,5483.274970075322,280.7358941667325,3149.8357019627247,173.24107696902328
1,495063.736,80.9090909090909,2.065057580291009,80.93544004047581,0,0.0,20.916666666666668,0.2763853991962833,26155.160729941857,1859.976991308887,14528.109361477073,1177.452718635673
1,486189.722,76.0,3.582364210034113,76.08438297925096,0,0.0,20.53846153846154,0.634323942402717,20242.71006382548,2336.0321819088786,11159.353650180683,994.7330111935339
1,502041.0,81.63636363636364,9.96605809985005,82.24243540787312,1,0.09090909090909091,22.916666666666668,2.752524094152291,15382.958371475475,4485.84359644285,9128.500045163559,2473.3099178664534
1,606752.25,98.3,2.9000000000000004,98.34276790898251,0,0.0,23.6,1.019803902718557,27013.929657926514,1041.7396706138898,15494.349843277154,4785.64446393024
1,585270.618,93.44444444444444,3.6548631563107836,93.51589288576687,0,0.0,23.3,0.45825756949558394,24323.891663818016,3725.5418349742245,15293.284363593568,2415.4705376407055
1,574609.559,85.0,4.30644337539164,85.1090209939314,0,0.0,24.0,5.228129047119374,15846.385484019977,3379.815390395351,9877.085938370901,1891.1834320593855
1,596662.747,96.9,1.7578395831246945,96.91594296089782,0,0.0,25.4,6.216108107168021,28490.02447769118,1137.3043838007497,17438.60124064186,1626.072545075981
1,580549.22,89.0,2.5298221281347035,89.03594779638166,0,0.0,22.636363636363637,0.77138921583987,19971.041954128585,1746.4759604384071,12292.900254893373,983.3465608032793
1,583073.966,82.0,3.1622776601683795,82.06095295571457,0,0.0,26.25,8.447139555297206,12227.565690748068,1516.0217517079302,7577.100339667532,1205.7218087201659
1,585270.618,93.44444444444444,3.6548631563107836,93.51589288576687,0,0.0,23.3,0.45825756949558394,24323.891663818016,3725.5418349742245,15293.284363593568,2415.4705376407055
0,701371.838,99.11111111111111,4.817662975261955,99.22813221169802,1,0.1111111111111111,24.22222222222222,1.227262335243029,11017.898980700447,530.5797948264084,6469.141216955535,988.0960354942918
1,574609.559,85.0,4.30644337539164,85.1090209939314,0,0.0,24.0,5.228129047119374,15846.385484019977,3379.815390395351,9877.085938370901,1891.1834320593855
1,595612.425,78.08333333333333,3.522743564641375,78.1627575426217,0,0.0,23.833333333333332,6.841458583924597,10931.520613885667,1955.0872402204213,6420.448024104973,823.4733355460774
1,461538.148,95.33333333333333,1.247219128924647,95.34149149242423,0,0.0,20.8,0.6,7700.185088346783,435.2459014229696,4735.548737313956,330.3560614003954
1,460686.673,99.55555555555556,2.3147407395555177,99.58246164193103,0,0.0,34.7,10.040418317978588,8027.498423903383,689.8282960647767,5141.6387405670885,278.816146077614
1,458829.315,90.9,3.2999999999999994,90.95988126641328,0,0.0,32.27272727272727,10.33168919649118,5862.892089208163,873.5914900568506,3753.5457863976767,580.7343125297438
1,580549.22,89.0,2.5298221281347035,89.03594779638166,0,0.0,22.636363636363637,0.77138921583987,19971.041954128585,1746.4759604384071,12292.900254893373,983.3465608032793
1,583073.966,82.0,3.1622776601683795,82.06095295571457,0,0.0,26.25,8.447139555297206,12227.565690748068,1516.0217517079302,7577.100339667532,1205.7218087201659
1,607008.668,74.75,1.963203164898291,74.77577593490199,0,0.0,22.923076923076923,6.966530296976984,9133.780674023252,2224.1724653032397,5679.404651616365,1016.2285993334003
0,436903.167,103.33333333333333,5.011098792790969,103.45476735698983,4,0.4444444444444444,23.5,1.4317821063276353,13054.888009589573,865.6253712227228,7820.656277693149,671.8095633893658
0,447921.905,100.66666666666667,4.136557881996952,100.75161978295381,2,0.2222222222222222,22.6,0.66332495807108,14425.673604783145,1325.0050815862717,8469.86196645585,819.3534916862665
0,705058.484,93.55555555555556,4.991350543381378,93.68860952941694,3,0.3333333333333333,26.3,6.753517601961218,10834.903907383825,1280.853265529466,6591.47139401063,1033.3212540649552
0,452754.419,101.88888888888889,2.7261875880856214,101.92535394973018,0,0.0,22.4,1.2806248474865698,14614.78055878849,1400.1682041380488,8731.81681005476,593.9586005098176
1,444344.04,94.6,2.8000000000000003,94.64142856064674,0,0.0,24.2,6.660330322138685,14304.985724272996,1185.9491338633281,8561.229696361892,800.8266522323107
1,431317.143,91.88888888888889,0.8748897637790901,91.89305378173768,0,0.0,23.4,0.9165151389911681,11850.666049344374,490.49519848140324,7384.484956523471,285.0991220335864
1,440339.261,88.2,2.749545416973504,88.24284673558532,0,0.0,22.818181818181817,1.526623238522424,8562.219993492867,1105.348089007949,5260.036594664394,747.5776250529022
0,442002.862,103.22222222222223,4.416579314300398,103.31666532236382,3,0.3333333333333333,23.1,1.3,13997.00168251725,894.5340304208058,8265.0125003156,723.8321692282784
0,450752.089,101.11111111111111,3.956554181058857,101.18849297776458,2,0.2222222222222222,22.6,1.42828568570857,14116.276106704667,1148.5949069010487,8380.62727959549,651.3757142716502
0,451735.359,98.0,4.447221354708778,98.10085513275497,2,0.2222222222222222,22.8,0.6,14786.149340831558,1348.4638187607125,8783.969357053571,793.255009863387
1,433293.918,92.8,0.6,92.80193963490203,0,0.0,23.0,0.9534625892455924,12562.22167081978,643.1989989750159,7738.319626762441,263.2497943985534
1,433182.997,91.1,0.7000000000000001,91.10268931266519,0,0.0,23.636363636363637,1.0679400113155209,10459.542705545531,1270.6682824487932,6426.00151899385,737.0065047123306
1,445499.288,83.72727272727273,2.135880022631042,83.7545114117334,0,0.0,23.0,0.9128709291752769,7452.28462178478,786.890340310678,4370.441674609533,488.19003739354076
0,694515.294,95.2,5.89576118919347,95.38238831146974,2,0.2,26.0,6.619530332144556,13430.580959917837,1232.8892393666201,8078.366003286306,1093.675853073875
1,431317.143,91.88888888888889,0.8748897637790901,91.89305378173768,0,0.0,23.4,0.9165151389911681,11850.666049344374,490.49519848140324,7384.484956523471,285.0991220335864
1,440339.261,88.2,2.749545416973504,88.24284673558532,0,0.0,22.818181818181817,1.526623238522424,8562.219993492867,1105.348089007949,5260.036594664394,747.5776250529022
1,451118.267,81.72727272727273,1.1354541815269814,81.73515989851836,0,0.0,22.166666666666668,1.0671873729054748,6295.363126769145,689.6172502495209,3645.5159055939334,377.53614067741427
0,469297.868,109.75,3.152380053229623,109.79526401443735,0,0.0,25.555555555555557,1.5713484026367721,16434.343431149107,788.9243353191324,10343.754127216209,611.3280816470204
0,488663.984,109.25,2.9047375096555625,109.288608738514,1,0.125,23.666666666666668,0.6666666666666666,15774.72052094686,858.8939195805136,9832.047260857482,906.2472722485919
0,480411.443,104.33333333333333,4.268749491621899,104.42062376114532,1,0.1111111111111111,28.0,7.630348761506398,16796.696549950742,1889.7587373699512,10439.195365542198,1390.3200945586914
1,494315.652,96.4,2.727636339397171,96.43858149101945,0,0.0,21.8,0.6,10989.497592085172,244.05672769239982,6352.862752536931,1175.4077115175107
1,489435.212,84.9,2.913760456866693,84.94998528546076,0,0.0,20.454545454545453,1.304790917673393,7764.787660271059,1454.8141295831633,4710.75384018906,1015.0834333418991
1,511155.115,78.08333333333333,4.386690729417285,78.20645753388911,0,0.0,20.384615384615383,4.875976612843225,5006.090973800141,503.5348726213276,2894.40563208768,221.6497675395917
0,418809.06,96.4,5.083306010855534,96.53393185818135,2,0.2,29.2,10.4,7844.0624956497895,768.0378475728129,4959.882929053049,858.1193680814322
1,686467.382,97.7,2.934280150224242,97.7440535275676,0,0.0,29.8,10.17644338656684,6737.385596017275,264.55686546430144,4272.136884918943,431.7210308103441
0,406153.954,96.22222222222223,4.416579314300398,96.3235289128374,2,0.2222222222222222,31.6,11.412274094149685,7724.645162079089,1219.4528473477476,4887.164658081574,763.259496816681
0,418450.636,95.6,5.936328831862332,95.7841322975784,2,0.2,27.4,9.65608616365865,6916.864438065563,774.3982288027078,4380.307974280016,926.708287765045
1,414280.252,88.3,3.4655446902326914,88.36798062646899,0,0.0,30.545454545454547,10.517203537439688,5383.153738245801,499.5235394933815,3401.8692213494533,387.16796939396374
1,421396.786,75.41666666666667,1.552328000849763,75.43264103379474,0,0.0,19.23076923076923,0.42132504423474315,3761.132016906922,305.6863277905434,2318.069799635284,174.50586395166394
1,422955.44,71.84615384615384,1.405820529422851,71.85990644195242,0,0.0,23.0,7.040698017343775,3139.296130194052,341.64207063504693,1940.7365251979004,254.56423513806197
1,459896.171,101.55555555555556,4.085505846855607,101.63770079169551,0,0.0,23.444444444444443,2.629368792488718,9948.539751103912,261.5477279762218,6118.715285706439,745.1605754359382
1,461538.148,95.33333333333333,1.247219128924647,95.34149149242423,0,0.0,20.8,0.6,7700.185088346783,435.2459014229696,4735.548737313956,330.3560614003954
1,460686.673,99.55555555555556,2.3147407395555177,99.58246164193103,0,0.0,34.7,10.040418317978588,8027.498423903383,689.8282960647767,5141.6387405670885,278.816146077614
0,447115.196,81.5,2.0207259421636903,81.52504727587304,0,0.0,20.416666666666668,0.4930066485916347,9332.718527972926,592.3619457653813,4892.001006234592,395.3603179512139
0,443982.812,82.54545454545455,3.201239429392547,82.60750571225353,2,0.18181818181818182,20.5,0.8660254037844386,9368.007817427397,1047.1537135414671,5365.5874856976325,575.4378402475027
1,707771.444,93.11111111111111,2.4241582476968255,93.14266238172256,0,0.0,19.7,0.7810249675906655,5483.274970075322,280.7358941667325,3149.8357019627247,173.24107696902328
0,449229.381,83.63636363636364,4.374985242005805,83.75071234432468,1,0.09090909090909091,20.25,0.4330127018922193,10195.423155976594,888.0962037744733,5645.500382271778,581.7221330937649
1,443042.049,73.46153846153847,17.60950523314647,75.5426522415801,0,0.0,18.692307692307693,4.546928217271277,8287.945494560841,2420.554270568375,4232.265538590454,1695.6134144175323
1,448324.096,82.36363636363636,1.3666633071248098,82.3749741343593,0,0.0,19.363636363636363,0.4810456929208346,7447.901308417929,295.3469014437528,4127.128991743351,410.71919869218516
1,448001.819,80.18181818181819,1.641406371387981,80.19861708170647,0,0.0,19.833333333333332,0.3726779962499649,7541.487821204962,222.65971178437223,4163.945857415645,244.4735948047138
0,447413.489,81.54545454545455,1.776801844153824,81.56480970258058,0,0.0,20.5,0.6454972243679028,9655.850478176104,546.81733041511,5299.137267607158,344.335488568952
0,445581.229,82.81818181818181,4.782889613805784,82.95617682082072,2,0.18181818181818182,20.416666666666668,0.4930066485916347,9655.700395777501,855.0993743080779,5363.6740778649655,633.4893395019766
0,443361.681,84.27272727272727,2.7990553306073913,84.31919871967044,2,0.18181818181818182,20.818181818181817,0.7158188976374374,11008.198896884438,622.7243430523004,6134.92124882694,488.89017044561007
1,443042.049,73.46153846153847,17.60950523314647,75.5426522415801,0,0.0,18.692307692307693,4.546928217271277,8287.945494560841,2420.554270568375,4232.265538590454,1695.6134144175323
1,448324.096,82.36363636363636,1.3666633071248098,82.3749741343593,0,0.0,19.363636363636363,0.4810456929208346,7447.901308417929,295.3469014437528,4127.128991743351,410.71919869218516
1,448001.819,80.18181818181819,1.641406371387981,80.19861708170647,0,0.0,19.833333333333332,0.3726779962499649,7541.487821204962,222.65971178437223,4163.945857415645,244.4735948047138
1,714487.413,82.9090909090909,2.5389527352307164,82.94795739717547,0,0.0,18.75,0.5951190357119042,4383.9008003214485,338.93866254992724,2491.261732427767,332.50327449747266
0,443982.812,82.54545454545455,3.201239429392547,82.60750571225353,2,0.18181818181818182,20.5,0.8660254037844386,9368.007817427397,1047.1537135414671,5365.5874856976325,575.4378402475027
0,449229.381,83.63636363636364,4.374985242005805,83.75071234432468,1,0.09090909090909091,20.25,0.4330127018922193,10195.423155976594,888.0962037744733,5645.500382271778,581.7221330937649
0,438717.819,84.72727272727273,2.525898907172692,84.76491555526324,1,0.09090909090909091,20.90909090909091,0.6680426571226848,10773.29685217124,725.6446720469954,5885.834814966917,1041.1749470219722
1,448324.096,82.36363636363636,1.3666633071248098,82.3749741343593,0,0.0,19.363636363636363,0.4810456929208346,7447.901308417929,295.3469014437528,4127.128991743351,410.71919869218516
1,448001.819,80.18181818181819,1.641406371387981,80.19861708170647,0,0.0,19.833333333333332,0.3726779962499649,7541.487821204962,222.65971178437223,4163.945857415645,244.4735948047138
1,449903.989,77.33333333333333,1.5456030825826172,77.34877719352345,0,0.0,19.692307692307693,0.4615384615384615,7074.453825243425,160.6163545669917,3838.075442794507,222.86485491703178
0,502763.912,100.33333333333333,3.5276684147527875,100.39532968331855,2,0.2222222222222222,22.5,1.02469507659596,5126.414541737719,385.9467973333198,3005.988234176839,252.18894070857704
0,497962.368,99.44444444444444,3.2010800646417628,99.49595189978558,2,0.2222222222222222,22.6,0.9165151389911679,5256.456772283024,388.12934888540923,3130.9343983770314,281.08867793006056
0,495782.546,98.22222222222223,3.424674446093876,98.28190745673048,0,0.0,22.2,0.6,5394.56804743031,370.9068488086043,3193.99273681596,393.7671584839517
1,488829.39,86.45454545454545,0.8907235428302466,86.45913380425354,0,0.0,19.636363636363637,0.4810456929208346,4157.518028765707,218.46989502090176,2177.986295226046,410.5892730594543
0,325017.914,89.4,4.294182110716777,89.50307257295695,3,0.3,22.363636363636363,0.642824346533225,16675.65412778923,1193.4052815714874,9817.728583186865,1046.2023570590452
1,481584.219,78.72727272727273,1.1354541815269814,78.73546041824311,0,0.0,18.916666666666668,0.759202798262025,3074.2921423629814,165.33859335835297,1734.2755482011587,147.98874729852207
1,479329.529,75.15384615384616,1.3499945211372495,75.16597020542659,0,0.0,18.692307692307693,0.7216024245882199,2643.8442963391262,130.8689233173391,1529.0003855358407,365.8370100294601
0,500909.831,100.88888888888889,2.601044424604361,100.92241244309082,1,0.1111111111111111,22.5,1.02469507659596,5291.600248558214,340.55377437421515,3132.2175798664784,210.67301408424564
0,495946.224,99.55555555555556,3.370166864022911,99.61258287318257,1,0.1111111111111111,22.3,0.7810249675906655,5365.740105070248,378.058040502991,3177.200328510565,347.12826644089785
0,492606.651,98.66666666666667,3.0550504633038935,98.71395263307232,0,0.0,22.7,0.7810249675906655,5297.951406722576,367.9318475079384,3188.3022427706246,271.575412824085
1,483622.13,82.36363636363636,3.6747968966195885,82.44557433405826,0,0.0,19.166666666666668,0.7993052538854533,3512.4192259677698,482.38630651610083,1955.8579520980777,284.59095341878606
1,480419.868,76.83333333333333,2.034425935955617,76.86026281505939,0,0.0,18.692307692307693,0.605692913385524,2873.4342811659235,218.34758550821968,1606.3354224508998,91.92422123529718
1,477616.729,72.92307692307692,1.5913969896597846,72.94043934819486,0,0.0,18.923076923076923,0.6153846153846155,2509.593436695096,157.37950776301173,1426.9385691935988,152.874174555324
1,460686.673,99.55555555555556,2.3147407395555177,99.58246164193103,0,0.0,34.7,10.040418317978588,8027.498423903383,689.8282960647767,5141.6387405670885,278.816146077614
1,458829.315,90.9,3.2999999999999994,90.95988126641328,0,0.0,32.27272727272727,10.33168919649118,5862.892089208163,873.5914900568506,3753.5457863976767,580.7343125297438
0,323151.892,89.5,3.0740852297878796,89.55277773469676,2,0.2,23.09090909090909,0.6680426571226848,21532.231625020344,1040.372593453609,12727.680275339102,982.8398028835517
0,495782.546,98.22222222222223,3.424674446093876,98.28190745673048,0,0.0,22.2,0.6,5394.56804743031,370.9068488086043,3193.99273681596,393.7671584839517
1,474559.805,84.72727272727273,2.3775812419312765,84.76062550715181,0,0.0,20.833333333333332,1.0671873729054748,4098.728627041309,224.62894480739948,2521.368497896228,219.36611249968604
0,316028.312,91.2,2.638181191654584,91.23814991548217,1,0.1,23.545454545454547,0.655554777357089,20411.32674934741,1920.1148662745384,12126.44458720865,921.5835749256419
1,314278.097,86.5,2.3769728648009427,86.53265279650219,0,0.0,21.363636363636363,0.4810456929208346,13597.402984842036,772.8784839478114,8217.886849622148,593.1422732466806
1,311664.917,83.0,3.4902461491731755,83.07335203410187,0,0.0,21.0,0.5773502691896257,11954.12808233126,2650.5558544190067,7251.753898570515,1471.916201506324
1,321824.617,74.76923076923077,2.939226642237354,74.82697991417884,0,0.0,19.923076923076923,0.6153846153846153,7733.3762858070695,308.39569879419696,4613.870727256005,700.3166053864304
0,568622.54,87.9,4.459820624195551,88.01306721163625,3,0.3,23.0,1.7580981459830651,28576.65389465387,3381.0094405785712,17342.416172269965,2638.2652801460063
0,584261.23,92.9,5.223983154643591,93.04676243695963,1,0.1,23.09090909090909,1.311109554714178,27049.582446656106,3256.5869721941062,16877.6538290417,2029.1092833169487
0,590951.715,87.18181818181819,3.157046428033698,87.23896127096175,1,0.09090909090909091,22.818181818181817,1.7486712783337586,24014.477254907917,3194.8586282621095,14265.088140880673,2169.146799965599
0,326054.061,90.3,3.195309061734092,90.35651609042925,0,0.0,22.545454545454547,0.9875254992000196,18900.013161670537,2929.3968487894576,11174.575750139978,1496.7485866495765
0,319299.233,90.3,2.685144316419511,90.33991365946727,1,0.1,23.181818181818183,0.7158188976374374,21287.389611713395,2085.3552352684574,12500.468611206576,1145.5223909852957
0,318020.835,92.2,1.98997487421324,92.22147255384724,0,0.0,23.2,0.6,19329.141368641715,1120.0560010876247,11232.92190961711,794.5173930130003
0,491034.67,99.22222222222223,2.9731307022799225,99.26675621218259,0,0.0,22.5,0.806225774829855,5249.7011003911375,321.2266649428971,3170.983753962597,186.16849098285823
1,315559.512,87.4,3.6660605559646715,87.47685408152262,0,0.0,21.09090909090909,0.51425947722658,14114.159205975977,1239.6523301726895,8484.109628451248,782.1106773160185
1,312184.821,85.54545454545455,4.228983036222911,85.64992172155846,0,0.0,21.454545454545453,0.49792959773196915,13528.306937352025,1465.7978252451583,7646.761481011029,1995.5307469677884
1,318622.839,76.75,3.418698582794336,76.8261023350788,0,0.0,19.833333333333332,0.5527707983925666,7961.807201548184,415.15516231384834,4497.019612459241,1235.3666506225059
0,323151.892,89.5,3.0740852297878796,89.55277773469676,2,0.2,23.09090909090909,0.6680426571226848,21532.231625020344,1040.372593453609,12727.680275339102,982.8398028835517
0,316028.312,91.2,2.638181191654584,91.23814991548217,1,0.1,23.545454545454547,0.655554777357089,20411.32674934741,1920.1148662745384,12126.44458720865,921.5835749256419
0,322140.645,91.0,2.569046515733026,91.0362565135452,0,0.0,23.363636363636363,0.9791208740244551,18271.593047388866,849.9648297772225,10954.72221675041,816.1501477120654
1,311493.205,87.4,2.65329983228432,87.4402653243916,0,0.0,21.454545454545453,0.6555547773570889,13730.185316667415,1228.8883444652029,8417.642422075007,579.6048099230312
1,315701.787,78.66666666666667,2.6874192494328497,78.71255723622926,0,0.0,20.153846153846153,0.9483713850721502,8696.103710574305,1416.0444170354926,5247.173349071247,887.8932683007047
1,320461.923,71.6923076923077,1.2015768732164083,71.70237631508994,0,0.0,20.076923076923077,0.7297563831157798,7132.0222413110405,495.287655141088,4194.76011136492,487.68701024041064
0,316028.312,91.2,2.638181191654584,91.23814991548217,1,0.1,23.545454545454547,0.655554777357089,20411.32674934741,1920.1148662745384,12126.44458720865,921.5835749256419
0,701567.495,102.0,4.69041575982343,102.1077861869505,3,0.3333333333333333,23.0,1.4832396974191326,10836.111088141108,938.2886392172788,6504.0835869224375,483.20009910552847
0,322140.645,91.0,2.569046515733026,91.0362565135452,0,0.0,23.363636363636363,0.9791208740244551,18271.593047388866,849.9648297772225,10954.72221675041,816.1501477120654
0,322776.439,90.4,3.2619012860600183,90.45883041472513,1,0.1,23.545454545454547,1.0756508696544755,18574.501877542363,2555.679086434243,11142.293938664761,1446.4347838829513
1,312184.821,85.54545454545455,4.228983036222911,85.64992172155846,0,0.0,21.454545454545453,0.49792959773196915,13528.306937352025,1465.7978252451583,7646.761481011029,1995.5307469677884
1,318622.839,76.75,3.418698582794336,76.8261023350788,0,0.0,19.833333333333332,0.5527707983925666,7961.807201548184,415.15516231384834,4497.019612459241,1235.3666506225059
1,320114.477,71.07692307692308,1.1409536133993328,71.08607999623253,0,0.0,20.0,0.6793662204867574,6702.436665596586,747.0001329530623,3947.1082927959856,645.8677122835054
0,417444.726,84.54545454545455,1.6713433009863852,84.56197297087665,0,0.0,21.454545454545453,0.7820295697311479,9065.46312066084,704.8177551081144,4715.474926971508,1461.0863025908782
0,418221.618,83.54545454545455,2.606412943060264,83.58610149801439,0,0.0,21.363636363636363,0.4810456929208346,9173.209619435105,824.9474805181536,4865.546598445963,1481.6793410097205
0,404148.082,83.9,3.419064199455751,83.96963736970643,1,0.1,22.454545454545453,0.9875254992000196,9888.038419803472,1472.0274861876032,5974.668661562417,811.6522282634149
1,403287.332,80.54545454545455,1.0756508696544758,80.55263665906458,0,0.0,20.166666666666668,0.8975274678557508,6163.522714998012,850.9382355989273,3679.9513112416043,686.0232269309045
1,418570.534,75.0,1.0801234497346435,75.00777737452742,0,0.0,19.307692307692307,0.46153846153846145,4875.000575626586,280.427890170534,2746.225315914152,185.69243402726485
0,705664.787,101.66666666666667,4.570436400267363,101.76934705499491,3,0.3333333333333333,24.444444444444443,1.5713484026367723,10934.037952363624,526.0082653039879,6055.161018874091,1793.992801925395
1,416612.067,70.0,2.660248687044705,70.05053121195387,0,0.0,20.5,4.594251065967429,4606.084111185347,567.5888237895142,2603.3284195804067,447.21014420685736
0,416718.717,83.0,2.9541957835039856,83.05255729191771,1,0.09090909090909091,21.545454545454547,0.6555547773570889,9367.094295511792,641.9066665743105,5356.550503950701,726.5444754380527
0,418555.872,84.18181818181819,2.2081741457256583,84.21077452116532,0,0.0,21.727272727272727,0.4453617714151233,10470.137827421435,852.2201387571256,5526.866546363231,1740.143336097013
0,404966.669,85.7,3.132091952673165,85.75721543986839,1,0.1,21.818181818181817,1.1134044285378082,8526.142877498824,682.5256958224369,5010.69187063752,709.6869524916841
1,412886.892,77.08333333333333,2.899952106884219,77.13786359499464,0,0.0,19.25,0.5951190357119042,5296.317809491153,297.3734545083135,2804.59498430845,765.5634919472799
1,421362.616,72.41666666666667,2.2157893000513886,72.45055785384494,0,0.0,19.153846153846153,0.36080121229410994,4643.5767349291045,123.30510809143678,2637.375764898194,211.48746238325876
1,409211.838,70.14285714285714,4.189393799604336,70.26785487384277,1,0.07142857142857142,22.714285714285715,6.776309271789384,4890.53099239422,699.5524216743808,2720.115105152271,719.8870833851893
1,606292.626,93.44444444444444,2.216659704806667,93.47073219878925,0,0.0,29.7,10.266937225872184,22903.058869756154,1847.779080222389,14684.24567390586,1635.4058272773937
1,591629.26,89.54545454545455,2.74238238709061,89.58743824280886,0,0.0,27.181818181818183,8.568633940325947,20346.84782361927,2567.8865859843713,12124.003446208792,2889.870514022527
1,613327.9,84.5,3.6124783736376886,84.57718368449022,0,0.0,31.636363636363637,9.556270928013017,14094.294624470214,1751.9903529792484,9110.534195052076,1099.556938934913
0,701371.838,99.11111111111111,4.817662975261955,99.22813221169802,1,0.1111111111111111,24.22222222222222,1.227262335243029,11017.898980700447,530.5797948264084,6469.141216955535,988.0960354942918
0,418221.618,83.54545454545455,2.606412943060264,83.58610149801439,0,0.0,21.363636363636363,0.4810456929208346,9173.209619435105,824.9474805181536,4865.546598445963,1481.6793410097205
0,404148.082,83.9,3.419064199455751,83.96963736970643,1,0.1,22.454545454545453,0.9875254992000196,9888.038419803472,1472.0274861876032,5974.668661562417,811.6522282634149
0,416761.289,85.45454545454545,2.147456692912312,85.48152378783914,0,0.0,21.333333333333332,0.6236095644623235,9227.578961774663,1048.3500611949564,5121.140189604775,874.7908049263409
1,418570.534,75.0,1.0801234497346435,75.00777737452742,0,0.0,19.307692307692307,0.46153846153846145,4875.000575626586,280.427890170534,2746.225315914152,185.69243402726485
1,416612.067,70.0,2.660248687044705,70.05053121195387,0,0.0,20.5,4.594251065967429,4606.084111185347,567.5888237895142,2603.3284195804067,447.21014420685736
1,411089.11,72.58333333333333,5.345688813323209,72.77991939172966,1,0.08333333333333333,21.307692307692307,5.579972641022195,4604.263317211553,470.6273062581226,2844.388212846056,465.31553508753916
0,622515.516,89.7,3.3778691508109073,89.76357836004534,1,0.1,22.363636363636363,0.8813963377120598,28058.772833657007,2847.7938450807333,16668.99439738854,2163.629464465775
0,632110.68,87.72727272727273,4.825894341813454,87.85990915294435,2,0.18181818181818182,22.90909090909091,1.2398346997259868,31386.00555846713,3576.9104910470255,18017.053783138675,2677.7645250207447
0,634368.472,84.0,3.1908961408698624,84.06058421270826,1,0.09090909090909091,22.09090909090909,0.6680426571226848,25972.195904915887,1839.7511831400436,14904.57584083119,1914.5436903939449
1,673073.798,78.0,1.6832508230603465,78.01816027908716,0,0.0,21.0,0.7844645405527362,18998.388107989547,2178.9148596211917,11025.65578364182,1304.5680703391165
1,681770.46,94.66666666666667,0.6666666666666666,94.6690140554037,0,0.0,21.1,0.5385164807134504,7802.349592218806,577.5153312676838,4870.512533679869,494.3168506459927
1,672538.243,72.76923076923077,1.4225570776082255,72.783134140985,0,0.0,20.23076923076923,0.7994080650317895,13238.399660031992,1910.8440065475672,7514.148142831856,1215.5286337444666
1,690311.088,67.61538461538461,3.4090030471015895,67.70126688963462,0,0.0,18.785714285714285,0.8601138984851638,9552.725486162297,1096.921290787065,5395.204514891816,599.8617644875623
0,627279.889,91.3,3.132091952673165,91.3537081896515,2,0.2,22.454545454545453,1.6713433009863852,28755.93123388684,3706.404317962845,17309.804467992744,2274.650105518933
0,626243.615,84.36363636363636,3.497342556667517,84.43609740777072,2,0.18181818181818182,22.727272727272727,0.8624393618641035,28450.01165702974,3654.25449207409,15515.91547884341,4420.080408105041
0,647521.407,83.0,2.6285149626910838,83.04161059919954,0,0.0,22.454545454545453,0.8907235428302466,25074.19925475183,1695.8242648407777,14800.507193573865,2346.0191459022676
1,671438.007,75.25,3.766629793329841,75.34421012924616,0,0.0,20.384615384615383,0.737820234355803,15674.341599703317,2000.5555410556979,9026.499679693117,1122.5211431430246
1,683942.49,71.76923076923077,2.832608098387995,71.82510810187587,0,0.0,19.428571428571427,1.049781318335648,11016.776012763821,861.4475557559952,6192.751617918331,638.6963269379766
1,689943.577,65.07142857142857,0.8835226340609272,65.07742641324585,0,0.0,18.266666666666666,0.5734883511361751,8048.173243118582,817.9971289104446,4532.6613666082685,530.5570636773828
0,632110.68,87.72727272727273,4.825894341813454,87.85990915294435,2,0.18181818181818182,22.90909090909091,1.2398346997259868,31386.00555846713,3576.9104910470255,18017.053783138675,2677.7645250207447
0,634368.472,84.0,3.1908961408698624,84.06058421270826,1,0.09090909090909091,22.09090909090909,0.6680426571226848,25972.195904915887,1839.7511831400436,14904.57584083119,1914.5436903939449
1,685845.033,98.11111111111111,1.6629588385661962,98.12520346758805,0,0.0,27.8,9.96794863550169,7326.310754779694,187.38930685713237,4703.187048161399,234.61754730221045
0,647216.623,82.0909090909091,2.5745095015465993,82.13126965136637,1,0.09090909090909091,22.0,1.0801234497346435,24701.529686236856,1904.2002342025037,14402.763976838769,1074.5056797459551
0,626243.615,84.36363636363636,3.497342556667517,84.43609740777072,2,0.18181818181818182,22.727272727272727,0.8624393618641035,28450.01165702974,3654.25449207409,15515.91547884341,4420.080408105041
0,647521.407,83.0,2.6285149626910838,83.04161059919954,0,0.0,22.454545454545453,0.8907235428302466,25074.19925475183,1695.8242648407777,14800.507193573865,2346.0191459022676
0,648279.371,83.36363636363636,3.4712514712794147,83.43587630357491,1,0.09090909090909091,22.454545454545453,0.655554777357089,26722.858543778068,3579.4157013067793,15458.92350729446,2752.812191492187
0,366475.419,82.5,4.368447474027052,82.61557560976824,1,0.08333333333333333,23.416666666666668,6.575945221453381,7169.670395836002,1280.872727186496,3950.582401136754,1370.6498420484172
0,378206.249,82.0,4.06201920231798,82.10054811022884,1,0.08333333333333333,25.083333333333332,8.371164129850095,7224.8801622958745,1696.615964688725,4334.461536715267,1366.7308568998103
0,369212.06,83.81818181818181,3.432946834272583,83.88845407606894,0,0.0,28.363636363636363,9.027963902863423,9081.810988945332,1781.326368327161,5640.515617903958,1013.1362697185177
1,364547.502,73.46153846153847,6.5235123221889815,73.75061929335811,1,0.07692307692307693,18.928571428571427,0.8835226340609275,6608.954543474566,1420.4892126525874,3875.0828018017824,814.6539831948902
1,357716.373,73.75,1.2332207155790618,73.76031001380981,0,0.0,18.923076923076923,0.2664693550105965,6944.556988482523,680.3373335219102,4169.156473601187,426.4042159980046
1,363092.826,67.38461538461539,0.8355984993230934,67.38979607763044,0,0.0,18.571428571428573,0.4948716593053935,5909.644433629199,495.21772700289415,3580.333827033706,313.6708370051618
1,686467.382,97.7,2.934280150224242,97.7440535275676,0,0.0,29.8,10.17644338656684,6737.385596017275,264.55686546430144,4272.136884918943,431.7210308103441
